Code,Level,Type,Program Name,School,Degrees,Note
ABAO,Graduate,Major,Applied Behavior Analysis,ED,M.S.,Active Fall 2022. This program is online.
ACCM,Graduate,Major,Accounting (F25),BUS,M.Actg.,Active Fall 2025.
ACTG,Undergraduate,Major,Accounting,BUS,"B.A., B.S.",
ACTG,Graduate,Major,Accounting,BUS,Ph.D.,M.Actg.inactive summer 2025; replaced by ACCM in fall 2025.
ADBR,Graduate,Major,Advertising and Brand Responsibility,SOJC,M.A.,Active Fall 2017.
ALAW,Graduate,Major,American Law,LAW,LL.M.,Active Fall 2014.
AMAN,Undergraduate,Major,Arts Management,DSGN,"B.A., B.S.",Inactive Fall 2022.
AMGT,Graduate,Major,Arts Management,DSGN,"M.A., M.S.",Inactive Fall 2022.
ANTH,Undergraduate,Major,Anthropology,CAS,"B.A., B.S.",
ANTH,Graduate,Major,Anthropology,CAS,"Ph.D., M.A., M.S.",
APHY,Graduate,Major,Applied Physics,CAS,M.S.,
ARBF,Undergraduate,Major,Art,DSGN,B.F.A.,
ARCH,Undergraduate,Major,Architecture,DSGN,B.Arch.,
ARCH,Graduate,Major,Architecture,DSGN,"Ph.D., M.Arch.",
ARCM,Graduate,Major,Architecture,DSGN,M.S.,Active Fall 2022.
ARDF,Undergraduate,Major,Digital Arts,DSGN,B.F.A.,Inactive Fall 2016.
ARDG,Undergraduate,Major,Digital Arts,DSGN,"B.A., B.S.",Inactive Fall 2016.
ARH,Undergraduate,Major,Art History,DSGN,B.A.,
ARH,Graduate,Major,Art History,DSGN,"Ph.D., M.A.",
ART,Undergraduate,Major,Art,DSGN,"B.A., B.S.",
ART,Graduate,Major,Art,DSGN,M.F.A.,
ARTC,Undergraduate,Major,Ceramics,DSGN,B.F.A.,Inactive Fall 2018.
ARTF,Undergraduate,Major,Fibers,DSGN,B.F.A.,Inactive Fall 2018.
ARTM,Undergraduate,Major,Metalsmithing and Jewelry,DSGN,B.F.A.,Inactive Fall 2018.
ARTO,Undergraduate,Major,Photography,DSGN,B.F.A.,Inactive Fall 2018.
ARTP,Undergraduate,Major,Painting,DSGN,B.F.A.,Inactive Fall 2018.
ARTR,Undergraduate,Major,Printmaking,DSGN,B.F.A.,Inactive Fall 2018.
ARTS,Undergraduate,Major,Sculpture,DSGN,B.F.A.,Inactive Fall 2018.
AST,Undergraduate,Major,Asian Studies,CAS,B.A.,
AST,Graduate,Major,Asian Studies,CAS,M.A.,M.S. inactive.
ATCF,Undergraduate,Major,Art and Technology,DSGN,B.F.A.,Active Fall 2016.
ATCH,Undergraduate,Major,Art and Technology,DSGN,"B.A., B.S.",Active Fall 2016.
BADM,Undergraduate,Major,Business Administration,BUS,"B.A., B.S.",
BI,Undergraduate,Major,Biology,CAS,"B.A., B.S.",
BI,Graduate,Major,Biology,CAS,"Ph.D., M.S.",
BIC,Undergraduate,Major,Biochemistry,CAS,"B.A., B.S.",
BIEN,Graduate,Major,Bioengineering,KC,"M.S., Ph.D.",Active Winter 2021. M.S. in passing.
BIKC,Graduate,Major,Biology,KC,M.S.,Active Summer 2018.
BLAW,Graduate,Major,Business Law,LAW,LL.M.,Active Fall 2014.
C&FT,Graduate,Major,Couples & Family Therapy,ED,M.S.,
C&T,Graduate,Major,Curriculum and Teaching,ED,M.Ed.,Inactive Summer 2021.
C&TU,Graduate,Major,Curriculum and Teaching (UO Teach),ED,M.Ed.,Active Fall 2021.
CBH,Undergraduate,Major,Child Behavioral Health,CB,"B.A., B.S.",Active Fall 2023.
CDR,Graduate,Major,Conflict and Dispute Resolution,LAW,LL.M.,Active Fall 2015. Inactive Fall 2025.
CDS,Undergraduate,Major,Communication Disorders and Sciences,ED,"B.A., B.S.",
CDS,Graduate,Major,Communication Disorders and Sciences,ED,"Ph.D., M.S.",
CEP,Undergraduate,NA,Community Education Program,NA,NA,"Not in the registrar's table"
CFHS,Graduate,Major,"Counseling, Family, and Human Services",ED,M.Ed.,M.A. and M.S. inactive summer 2020. End summer 2027. M.A. and M.S. name change to Counseling Psychology in fall 2020
CH,Undergraduate,Major,Chemistry,CAS,"B.A., B.S.",
CH,Graduate,Major,Chemistry,CAS,"Ph.D., M.S.",
CHKC,Graduate,Major,Chemistry,KC,M.S.,Active Summer 2018.
CHN,Undergraduate,Major,Chinese,CAS,B.A.,
CINE,Undergraduate,Major,Cinema Studies,CAS,"B.A., B.S.",
CIS,Undergraduate,Major,Computer and Information Science,CAS,"B.A., B.S.",Inactive Fall 2022.
CIS,Graduate,Major,Computer and Information Science,CAS,"Ph.D., M.S.","Inactive Fall 2022. M.A. inactive fall 2020, ends summer 2027."
CLAS,Undergraduate,Major,Classics,CAS,B.A.,
CLAS,Graduate,Major,Classics,CAS,M.A.,
CMSD,Graduate,Major,Communication and Media Studies,SOJC,Ph.D.,Active Fall 2020.
CMSM,Graduate,Major,Communication and Media Studies,SOJC,"M.A., M.S.",Active Fall 2020.
COLT,Undergraduate,Major,Comparative Literature,CAS,"B.A., B.S.",
COLT,Graduate,Major,Comparative Literature,CAS,"Ph.D., M.A.",
CPSY,Graduate,Major,Counseling Psychology,ED,"Ph.D., M.S.",M.A. and M.S. active fall 2020.
CRES,Graduate,Major,Conflict and Dispute Resolution,LAW,"M.A., M.S.",
CRP,Graduate,Major,Community and Regional Planning,DSGN,M.C.R.P.,
CS,Undergraduate,Major,Computer Science,CAS,"B.A., B.S.",Active Fall 2022.
CSGD,Graduate,Major,Computer Science,CAS,Ph.D.,Active Fall 2022.
CSGM,Graduate,Major,Computer Science,CAS,M.S.,Active Fall 2022.
CSSE,Graduate,Major,Critical & Socio-Cultural Studies in Education,ED,Ph.D.,
CTED,Graduate,Major,Curriculum and Teacher Education,ED,M.S.,
CWR,Graduate,Major,Creative Writing,CAS,M.F.A.,
CYBR,Undergraduate,Major,Cybersecurity,CAS,B.S.,Active Fall 2023.
DABF,Undergraduate,Major,Dance,SOMD,B.F.A.,Active Fall 2021.
DANC,Undergraduate,Major,Dance,SOMD,"B.A., B.S.",
DANC,Graduate,Major,Dance,SOMD,"M.A., M.F.A., M.S.",
DDMP,Graduate,Major,Data-Driven Music Performance and Composition,SOMD,Ph.D.,Active Fall 2023.
DSC,Graduate,Major,Decision Sciences,BUS,"Ph.D., M.A., M.S.",Inactive Fall 2015.
DSCI,Undergraduate,Major,Data Science,CAS,"B.A., B.S.",Active Fall 2020.
EALL,Graduate,Major,East Asian Languages and Literatures,CAS,"Ph.D., M.A.",
EARD,Graduate,Major,Earth Sciences,CAS,Ph.D.,Active Fall 2016.
EARM,Graduate,Major,Earth Sciences,CAS,M.S.,Active Fall 2016.
EC,Undergraduate,Major,Economics,CAS,"B.A., B.S.",
EC,Graduate,Major,Economics,CAS,M.S.,
ECON,Graduate,Major,Economics,CAS,Ph.D.,
EDF,Undergraduate,Major,Educational Foundations,ED,"B.A., B.S.",
EDLD,Graduate,Major,Educational Leadership,ED,"D.Ed., M.Ed.","Inactive Summer 2023. M.A. and M.S. inactive summer 2022, replaced with EPLD; M.Ed. And D.Ed. inactive summer 2023, replaced with EDLM and EDLO."
EDLI,Graduate,Major,Educational Leadership - License Only,ED,,Active Summer 2023. No UO credential; students pursuing licensure only.
EDLM,Graduate,Major,Educational Leadership,ED,M.Ed.,Active Summer 2023.
EDLO,Graduate,Major,Educational Leadership,ED,D.Ed.,Active Summer 2023. This program is online.
EDLS,Graduate,Major,Educational Leadership,ED,Ed.S.,Active Summer 2024.
ENG,Undergraduate,Major,English,CAS,B.A.,
ENG,Graduate,Major,English,CAS,"Ph.D., M.A.",
ENRL,Graduate,Major,Environmental and Natural Resources Law,LAW,LL.M.,Active Fall 2014.
ENV,Undergraduate,Major,Environmental Studies,CAS,"B.A., B.S.",
ENV,Graduate,Major,Environmental Studies,CAS,"M.A., M.S.",
ENVD,Undergraduate,Major,Environmental Design,DSGN,"B.A., B.S.",Active Fall 2023.
EPLD,Graduate,Major,Education Policy and Leadership,ED,"M.A., M.S.",Active Summer 2022.
ERTH,Undergraduate,Major,Earth Sciences,CAS,"B.A., B.S.",Active Fall 2016.
ESCI,Undergraduate,Major,Environmental Science,CAS,"B.A., B.S.",
ESSP,Graduate,Major,"Environmental Sciences, Studies, and Policy",CAS,Ph.D.,
ETHN,Undergraduate,Major,Ethnic Studies,CAS,"B.A., B.S.",
ETST,Graduate,Major,"Indigenous, Race and Ethnic Studies",CAS,"M.A., Ph.D.",Active Fall 2021. M.A. in passing.
EXPL,Undergraduate,Major,Exploring,,None,Not in the registrar's table
FHS,Undergraduate,Major,Family and Human Services,ED,"B.A., B.S.","B.Ed. inactive fall 2024, ends summer 2031."
FIN,Graduate,Major,Finance,BUS,"Ph.D., M.A., M.S.",Inactive Fall 2017.
FINA,Graduate,Major,Finance,BUS,M.A.,M.A. exclusive to students also in FIND.
FIND,Graduate,Major,Finance,BUS,Ph.D.,
FINS,Graduate,Major,Finance,BUS,M.S.,Active Summer 2017.
FLR,Undergraduate,Major,Folklore,CAS,B.A.,Inactive Fall 2018.
FLR,Graduate,Major,Folklore,CAS,"M.A., M.S.",Inactive Fall 2018.
FPC,Undergraduate,Major,Folklore and Public Culture,CAS,B.A.,
FPCG,Graduate,Major,Folklore and Public Culture,CAS,"M.A., M.S.",
FR,Undergraduate,Major,French,CAS,B.A.,Inactive Fall 2024. Replaced with FREN.
FR,Graduate,Major,French,CAS,M.A.,
FREN,Undergraduate,Major,French and Francophone Studies,CAS,B.A.,Active Fall 2024.
GB,Graduate,Major,General Business,BUS,M.B.A.,
GBE,Graduate,Major,General Business (Portland Program),BUS,M.B.A.,
GEOG,Undergraduate,Major,Geography,CAS,"B.A., B.S.",
GEOG,Graduate,Major,Geography,CAS,"Ph.D., M.A., M.S.",
GEOL,Undergraduate,Major,Geological Sciences,CAS,"B.A., B.S.",Inactive Fall 2016.
GEOL,Graduate,Major,Geological Sciences,CAS,"Ph.D., M.A., M.S.",Inactive Fall 2016.
GER,Undergraduate,Major,German,CAS,"B.A., B.S.",
GER,Graduate,Major,German,CAS,"Ph.D., M.A.",
GLBL,Undergraduate,Major,Global Studies,CAS,"B.A., B.S.",Active Fall 2020.
GLBM,Graduate,Major,Global Studies,CAS,M.A.,Active Fall 2020.
GS,Undergraduate,Major,General Science,CAS,"B.A., B.S.",Inactive Fall 2021. Replaced with MSCI.
GSS,Undergraduate,Major,General Social Science,CAS,"B.A., B.S.",
HIST,Undergraduate,Major,History,CAS,"B.A., B.S.",
HIST,Graduate,Major,History,CAS,"Ph.D., M.A.",
HP,Graduate,Major,Historic Preservation,DSGN,M.S.,
HPHY,Undergraduate,Major,Human Physiology,CAS,"B.A., B.S.",
HPHY,Graduate,Major,Human Physiology,CAS,"Ph.D., M.S.",
HUM,Undergraduate,Major,Humanities,CAS,B.A.,
IAIM,Graduate,Major,Interdisciplinary Studies: Applied Information Management,GRAD,M.S.,Inactive Winter 2020.
IARC,Undergraduate,Major,Interior Architecture,DSGN,B.I.Arch.,
IARC,Graduate,Major,Interior Architecture,DSGN,M.I.Arch.,
IARM,Graduate,Major,Interior Architecture,DSGN,M.S.,Active Fall 2022.
IIP,Graduate,Major,Interdisciplinary Studies: Individualized Program,GRAD,"M.A., M.S.",Inactive Fall 2021.
IMCO,Graduate,Major,Immersive Media Communication,SOJC,M.S.,Active Fall 2023. This program is online.
IMT,Graduate,Major,Intermedia Music Technology,SOMD,M.Mus.,
INTL,Undergraduate,Major,International Studies,CAS,"B.A., B.S.",Inactive Fall 2020.
INTL,Graduate,Major,International Studies,CAS,M.A.,Inactive Fall 2020.
ITAL,Undergraduate,Major,Italian,CAS,B.A.,Inactive Fall 2025. Replaced with ITST.
ITAL,Graduate,Major,Italian,CAS,M.A.,
ITDS,Graduate,Major,Interdisciplinary Studies,GRAD,"M.A., M.S.",Active Fall 2021.
ITST,Undergraduate,Major,Italian Studies (F25),CAS,B.A.,Active Fall 2025.
J,Undergraduate,Major,Journalism,SOJC,"B.A., B.S.",
J,Graduate,Major,Journalism,SOJC,"M.A., M.S.",
JAD,Undergraduate,Major,Journalism: Advertising,SOJC,"B.A., B.S.",
JDST,Undergraduate,Major,Judaic Studies,CAS,B.A.,
JMAG,Graduate,Major,Journalism: Magazine,SOJC,"M.A., M.S.",
JMS,Undergraduate,Major,Journalism: Media Studies,SOJC,"B.A., B.S.",Active Fall 2013.
JNE,Graduate,Major,Journalism: News-Editorial,SOJC,"M.A., M.S.",
JPN,Undergraduate,Major,Japanese,CAS,B.A.,
JPR,Undergraduate,Major,Journalism: Public Relations,SOJC,"B.A., B.S.",
LA,Undergraduate,Major,Landscape Architecture,DSGN,B.L.A.,
LA,Graduate,Major,Landscape Architecture,DSGN,"Ph.D., M.L.A.",
LAS,Undergraduate,Major,Latin American Studies,CAS,B.A.,
LAW,Graduate,Major,Law,LAW,J.D.,
LING,Undergraduate,Major,Linguistics,CAS,"B.A., B.S.",
LING,Graduate,Major,Linguistics,CAS,"Ph.D., M.A.",
LTS,Graduate,Major,Language Teaching Studies,CAS,M.A.,Active Fall 2017.
MACS,Undergraduate,Major,Mathematics and Computer Science,CAS,"B.A., B.S.",
MARB,Undergraduate,Major,Marine Biology,CAS,"B.A., B.S.",
MATH,Undergraduate,Major,Mathematics,CAS,"B.A., B.S.",
MATH,Graduate,Major,Mathematics,CAS,"Ph.D., M.S.",
MCND,Graduate,Major,Music: Conducting,SOMD,M.Mus.,
MCOM,Undergraduate,Major,Music Composition,SOMD,B.Mus.,
MCOM,Graduate,Major,Music Composition,SOMD,"Ph.D., M.Mus.",
MDST,Graduate,Major,Media Studies,SOJC,"Ph.D., M.A., M.S.",Inactive Fall 2020. Replaced with CMSM and CMSD.
MDVL,Undergraduate,Major,Medieval Studies,CAS,B.A.,
ME,Graduate,Major,Music Education,SOMD,"Ph.D., M.Mus.",
MGMT,Graduate,Major,Management,BUS,"Ph.D., M.A.","M.S. inactive fall 2025, replaced with MNGM."
MJS,Undergraduate,Major,Music: Jazz Studies,SOMD,B.Mus.,
MJS,Graduate,Major,Music: Jazz Studies,SOMD,M.Mus.,
MKTG,Graduate,Major,Marketing,BUS,"Ph.D., M.A., M.S.",
MMJ,Graduate,Major,Multimedia Journalism,SOJC,M.A.,Inactive Fall 2025. Replaced with MMST.
MMST,Graduate,Major,Multimedia Storytelling (F25),SOJC,M.A.,Active Fall 2025.
MNGM,Graduate,Major,Management (F25),BUS,M.S.,Active Fall 2025.
MNM,Graduate,Major,Nonprofit Management,DSGN,M.N.M.,
MPA,Graduate,Major,Public Administration,DSGN,M.P.A.,
MPP,Graduate,Major,Music: Piano Pedagogy,SOMD,M.Mus.,
MPS,Undergraduate,Major,Material and Product Studies,DSGN,"B.A., B.S.",Inactive Fall 2016.
MPTL,Undergraduate,Major,Music: Pre-teacher Licensure,SOMD,B.Mus.,Inactive Fall 2014.
MSCI,Undergraduate,Major,Multidisciplinary Science,CAS,"B.A., B.S.",Active Fall 2021.
MSTC,Undergraduate,Major,Materials Science and Technology (F25),CAS,"B.A., B.S.",Active Fall 2025.
MTHE,Graduate,Major,Music Theory,SOMD,"Ph.D., M.A.",
MUED,Undergraduate,Major,Music Education,SOMD,B.M.M.E.,Active Fall 2014.
MUP,Undergraduate,Major,Music Performance,SOMD,B.Mus.,
MUP,Graduate,Major,Music Performance,SOMD,"D.M.A., M.Mus.",
MUS,Undergraduate,Major,Music,SOMD,"B.A., B.S.",
MUSC,Graduate,Major,Musicology,SOMD,"Ph.D., M.A.",
NAIS,Undergraduate,Major,Native American and Indigenous Studies,CAS,"B.A., B.S.",Active Fall 2022.
NEUR,Undergraduate,Major,Neuroscience,CAS,"B.A., B.S.",Active Fall 2020.
OBAD,Graduate,Major,Operations & Business Analytics,BUS,Ph.D.,Active Fall 2015.
OBAM,Graduate,Major,Operations & Business Analytics,BUS,"M.A., M.S.",Active Fall 2015.
PBA,Undergraduate,Major,Pre-Business,BUS,"Not yet"
PDS,Undergraduate,Major,Product Design,DSGN,"B.A., B.S.",Active Fall 2016. Inactive Fall 2024.
PDSG,Undergraduate,Major,Product Design,DSGN,B.F.A.,
PHIL,Undergraduate,Major,Philosophy,CAS,"B.A., B.S.",
PHIL,Graduate,Major,Philosophy,CAS,"Ph.D., M.A.",
PHKC,Graduate,Major,Applied Physics,KC,M.S.,Active Summer 2018.
PHYS,Undergraduate,Major,Physics,CAS,"B.A., B.S.",
PHYS,Graduate,Major,Physics,CAS,"Ph.D., M.S.",
POPM,Undergraduate,Major,Popular Music,SOMD,"B.A., B.S.",Active Fall 2023.
PPA,Graduate,Major,Planning and Public Affairs,DSGN,Ph.D.,Active Fall 2020.
PPNO,Graduate,Major,Pedagogy: Piano,SOMD,M.Mus.,Active Fall 2024.
PPPM,Undergraduate,Major,"Planning, Public Policy and Management",DSGN,"B.A., B.S.",
PREV,Graduate,Major,Prevention Science,ED,M.S.,Active Fall 2016.
PRVD,Graduate,Major,Prevention Science,ED,Ph.D.,Active Fall 2016.
PRVE,Graduate,Major,Prevention Science,ED,M.Ed.,Active Fall 2016.
PS,Undergraduate,Major,Political Science,CAS,"B.A., B.S.",
PS,Graduate,Major,Political Science,CAS,"Ph.D., M.A., M.S.",
PSY,Undergraduate,Major,Psychology,CAS,"B.A., B.S.",
PSY,Graduate,Major,Psychology,CAS,"Ph.D., M.S.",
PSYO,Graduate,Major,Psychology (online),CAS,M.S.,Active Fall 2020. This program is online.
QRME,Graduate,Major,Quantitative Research Methods in Education,ED,Ph.D.,Active Fall 2018.
R&ES,Undergraduate,Major,"Russian, East European and Eurasian Studies",CAS,B.A.,
R&ES,Graduate,Major,"Russian, East European and Eurasian Studies",CAS,M.A.,
REL,Undergraduate,Major,Religious Studies,CAS,"B.A., B.S.",
REL,Graduate,Major,Religious Studies,GRAD,"M.A., M.S.",See Interdisciplinary Studies: Individualized Program.
RL,Undergraduate,Major,Romance Languages,CAS,B.A.,
RL,Graduate,Major,Romance Languages,CAS,"Ph.D., M.A.",
SCPY,Graduate,Major,School Psychology (F25),ED,Ed.S.,Active Fall 2025.
SDSC,Undergraduate,Major,Spatial Data Science and Technology,CAS,"B.A., B.S.",Active Fall 2017.
SOC,Undergraduate,Major,Sociology,CAS,"B.A., B.S.",
SOC,Graduate,Major,Sociology,CAS,"Ph.D., M.A., M.S.",
SPAN,Undergraduate,Major,Spanish,CAS,B.A.,
SPAN,Graduate,Major,Spanish,CAS,M.A.,
SPD,Graduate,Major,Sports Product Design,DSGN,M.S.,Active Fall 2016.
SPED,Graduate,Major,Special Education,ED,"D.Ed., Ph.D., M.A., M.Ed., M.S.",
SPMG,Graduate,Major,Sports Product Management,BUS,M.S.,Active Fall 2015.
SPMO,Graduate,Major,Sports Product Management,BUS,M.S.,Active Spring 2019. This program is online.
SPND,Graduate,Major,Spanish,CAS,Ph.D.,Active Fall 2022.
SPRH,Graduate,Major,Special Education: Rehabilitation,ED,"D.Ed., Ph.D.",
SPSY,Graduate,Major,School Psychology,ED,Ph.D.,M.S. inactive fall 2025. Replaced with SCPY (Ed.S.).
STC,Graduate,Major,Strategic Communication,SOJC,M.S.,
TA,Undergraduate,Major,Theater Arts,CAS,"B.A., B.S.",
TA,Graduate,Major,Theater Arts,CAS,"Ph.D., M.A., M.F.A.",
WGS,Undergraduate,Major,Women's and Gender Studies,CAS,"B.A., B.S.",Inactive Fall 2017.
WGSS,Undergraduate,Major,"Women's, Gender, and Sexuality Studies",CAS,"B.A., B.S.",Active Fall 2017.